pos_tag,pos_init,pos_description
CC,0,Coordinating conjunction
CD,0,Cardinal number
DT,0,Determiner
EX,0,Existential there
FW,0,Foreign word
IN,0,Preposition or subordinating conjunction
JJ,0,Adjective
JJR0,0,Adjective - comparative
JJS0,0,Adjective - superlative
LS,0,List item marker
MD,0,Modal
NN,0,Noun - singular or mass
NNS,0,Noun - plural
NNP,0,Proper noun - singular
NNPS,0,Proper noun - plural
PDT,0,Predeterminer
POS,0,Possessive ending
PRP,0,Personal pronoun
PRP$,0,Possessive pronoun
RB,0,Adverb
RBR,0,Adverb - comparative
RBS,0,Adverb - superlative
RP,0,Particle
SYM,0,Symbol
TO,0,to
UH,0,Interjection
VB,0,Verb - base form
VBD,0,Verb - past tense
VBG,0,Verb - gerund or present participle
VBN,0,Verb - past participle
VBP,0,Verb - non-3rd person singular present
VBZ,0,Verb - 3rd person singular present
WDT,0,Wh-determiner
WP,0,Wh-pronoun
WP$,0,Possessive wh-pronoun
WRB,0,Wh-adverb
